English,Transcription,Русский
# ─────────── B1 · ФРАЗОВЫЕ ГЛАГОЛЫ В ПРЕДЛОЖЕНИЯХ ───────────
Please carry on,/pliːz ˈkæri ɒn/,продолжай, пожалуйста
Don't give up now,/dəʊnt ɡɪv ʌp naʊ/,не сдавайся сейчас
I'm looking forward to it,/aɪm ˈlʊkɪŋ ˈfɔːwəd tuː ɪt/,я с нетерпением этого жду
We came up with a plan,/wiː keɪm ʌp wɪð ə plæn/,мы придумали план
We ran out of milk,/wiː ræn aʊt ɒv mɪlk/,у нас закончилось молоко
Don't put it off,/dəʊnt pʊt ɪt ɒf/,не откладывай это
The plane took off late,/ðə pleɪn tʊk ɒf leɪt/,самолёт взлетел поздно
I get along with him,/aɪ ɡet əˈlɒŋ wɪð hɪm/,я лажу с ним
Who looks after the kids?,/huː lʊks ˈɑːftə ðə kɪdz/,кто присматривает за детьми?
I'll deal with it later,/aɪl diːl wɪð ɪt ˈleɪtə/,я разберусь с этим позже
I can't figure it out,/aɪ kɑːnt ˈfɪɡər ɪt aʊt/,я не могу это понять
He pointed out the mistake,/hiː ˈpɔɪntɪd aʊt ðə mɪˈsteɪk/,он указал на ошибку
They turned down the offer,/ðeɪ tɜːnd daʊn ðiː ˈɒfə/,они отклонили предложение
Turn up the volume,/tɜːn ʌp ðə ˈvɒljuːm/,сделай погромче
Don't bring that up,/dəʊnt brɪŋ ðæt ʌp/,не поднимай эту тему
The car broke down,/ðə kɑː brəʊk daʊn/,машина сломалась
They broke up last year,/ðeɪ brəʊk ʌp lɑːst jɪə/,они расстались в прошлом году
I work out every morning,/aɪ wɜːk aʊt ˈevri ˈmɔːnɪŋ/,я тренируюсь каждое утро
We set up a meeting,/wiː set ʌp ə ˈmiːtɪŋ/,мы назначили встречу
He didn't show up,/hiː ˈdɪdənt ʃəʊ ʌp/,он не пришёл
I came across an old photo,/aɪ keɪm əˈkrɒs ən əʊld ˈfəʊtəʊ/,я наткнулся на старое фото
It took time to get over it,/ɪt tʊk taɪm tuː ɡet ˈəʊvər ɪt/,понадобилось время, чтобы это пережить
I can't put up with this,/aɪ kɑːnt pʊt ʌp wɪð ðɪs/,я не могу это терпеть
Look up the word,/lʊk ʌp ðə wɜːd/,посмотри слово (в словаре)
Let's sort it out,/lets sɔːt ɪt aʊt/,давай это уладим
Hold on a second,/həʊld ɒn ə ˈsekənd/,подожди секунду
Go on, I'm listening,/ɡəʊ ɒn aɪm ˈlɪsənɪŋ/,продолжай, я слушаю
We'll get by,/wiːl ɡet baɪ/,мы справимся / проживём
They called off the trip,/ðeɪ kɔːld ɒf ðə trɪp/,они отменили поездку
I'm cutting down on sugar,/aɪm ˈkʌtɪŋ daʊn ɒn ˈʃʊɡə/,я сокращаю сахар
We ended up staying home,/wiː ˈendɪd ʌp ˈsteɪɪŋ həʊm/,в итоге мы остались дома
Fill in the form,/fɪl ɪn ðə fɔːm/,заполни бланк
Hand in your homework,/hænd ɪn jɔː ˈhəʊmwɜːk/,сдай домашнюю работу
I can't keep up with you,/aɪ kɑːnt kiːp ʌp wɪð juː/,я не поспеваю за тобой
Don't let me down,/dəʊnt let miː daʊn/,не подведи меня
She made up an excuse,/ʃiː meɪd ʌp ən ɪkˈskjuːs/,она придумала отговорку
I ran into an old friend,/aɪ ræn ˈɪntuː ən əʊld frend/,я случайно встретил старого друга
He took over the company,/hiː tʊk ˈəʊvə ðə ˈkʌmpəni/,он возглавил компанию
Throw away the rubbish,/θrəʊ əˈweɪ ðə ˈrʌbɪʃ/,выброси мусор
Can I try it on?,/kæn aɪ traɪ ɪt ɒn/,можно примерить?
Warm up before you run,/wɔːm ʌp bɪˈfɔː juː rʌn/,разомнись перед бегом
Back up your files,/bæk ʌp jɔː faɪlz/,сделай резервную копию файлов
Calm down, it's okay,/kɑːm daʊn ɪts əʊˈkeɪ/,успокойся, всё хорошо
What time do you check in?,/wɒt taɪm duː juː tʃek ɪn/,во сколько заселение?
We need to check out by ten,/wiː niːd tuː tʃek aʊt baɪ ten/,нам нужно выехать до десяти
I'll drop you off,/aɪl drɒp juː ɒf/,я тебя подброшу
Get rid of the old stuff,/ɡet rɪd ɒv ðiː əʊld stʌf/,избавься от старых вещей
Don't hang up,/dəʊnt hæŋ ʌp/,не вешай трубку
Please log in,/pliːz lɒɡ ɪn/,пожалуйста, войди (в аккаунт)
It's time to move on,/ɪts taɪm tuː muːv ɒn/,пора двигаться дальше
I signed up for a course,/aɪ saɪnd ʌp fɔːr ə kɔːs/,я записался на курс
You really stand out,/juː ˈrɪəli stænd aʊt/,ты правда выделяешься
Let me sum up,/let miː sʌm ʌp/,позвольте подвести итог
I'm worn out,/aɪm wɔːn aʊt/,я вымотан
# ─────────── B1 · ВОПРОСЫ В РАЗНЫХ ВРЕМЕНАХ ───────────
What do you do for a living?,/wɒt duː juː duː fɔːr ə ˈlɪvɪŋ/,кем ты работаешь?
Where did you grow up?,/weə dɪd juː ɡrəʊ ʌp/,где ты вырос(ла)?
Have you ever been abroad?,/hæv juː ˈevə biːn əˈbrɔːd/,ты когда-нибудь был(а) за границей?
How long have you lived here?,/haʊ lɒŋ hæv juː lɪvd hɪə/,как давно ты здесь живёшь?
What are you doing this weekend?,/wɒt ɑː juː ˈduːɪŋ ðɪs ˌwiːkˈend/,что ты делаешь в эти выходные?
Would you mind helping me?,/wʊd juː maɪnd ˈhelpɪŋ miː/,не мог бы ты мне помочь?
Could you tell me the time?,/kʊd juː tel miː ðə taɪm/,подскажешь время?
What would you do if you won?,/wɒt wʊd juː duː ɪf juː wʌn/,что бы ты сделал, если бы выиграл?
Do you feel like going out?,/duː juː fiːl laɪk ˈɡəʊɪŋ aʊt/,хочешь куда-нибудь сходить?
What have you been up to?,/wɒt hæv juː biːn ʌp tuː/,чем занимался в последнее время?
What time does it start?,/wɒt taɪm dʌz ɪt stɑːt/,во сколько это начинается?
Are you going to come?,/ɑː juː ˈɡəʊɪŋ tuː kʌm/,ты придёшь?
Did you use to live here?,/dɪd juː juːs tuː lɪv hɪə/,ты раньше здесь жил(а)?
Why didn't you call?,/waɪ ˈdɪdənt juː kɔːl/,почему ты не позвонил(а)?
Can you give me a hand?,/kæn juː ɡɪv miː ə hænd/,можешь помочь?
How often do you exercise?,/haʊ ˈɒfən duː juː ˈeksəsaɪz/,как часто ты занимаешься спортом?
Where have you been?,/weə hæv juː biːn/,где ты был(а)?
What were you doing at eight?,/wɒt wɜː juː ˈduːɪŋ ət eɪt/,что ты делал(а) в восемь?
Will you be there?,/wɪl juː biː ðeə/,ты там будешь?
Do you know where it is?,/duː juː nəʊ weər ɪt ɪz/,ты знаешь, где это?
Whose turn is it?,/huːz tɜːn ɪz ɪt/,чья очередь?
What's it like?,/wɒts ɪt laɪk/,как оно? / на что похоже?
How do you feel about it?,/haʊ duː juː fiːl əˈbaʊt ɪt/,как ты к этому относишься?
Have you got a minute?,/hæv juː ɡɒt ə ˈmɪnɪt/,есть минутка?
What should I do?,/wɒt ʃʊd aɪ duː/,что мне делать?
Do you mind if I sit here?,/duː juː maɪnd ɪf aɪ sɪt hɪə/,не против, если я сяду здесь?
How come you're late?,/haʊ kʌm jɔː leɪt/,почему ты опоздал(а)?
Would you like anything else?,/wʊd juː laɪk ˈeniθɪŋ els/,желаете что-нибудь ещё?
Shall we go?,/ʃæl wiː ɡəʊ/,пойдём?
Did it go well?,/dɪd ɪt ɡəʊ wel/,всё прошло хорошо?
Have you decided yet?,/hæv juː dɪˈsaɪdɪd jet/,ты уже решил(а)?
What happened?,/wɒt ˈhæpənd/,что случилось?
How's it going?,/haʊz ɪt ˈɡəʊɪŋ/,как дела?
What do you mean?,/wɒt duː juː miːn/,что ты имеешь в виду?
Could I ask you something?,/kʊd aɪ ɑːsk juː ˈsʌmθɪŋ/,можно тебя кое о чём спросить?
Is it far from here?,/ɪz ɪt fɑː frɒm hɪə/,это далеко отсюда?
# ─────────── B1 · ГЛАГОЛЫ ВО ВРЕМЕНАХ (ФРАЗЫ) ───────────
I've been working all day,/aɪv biːn ˈwɜːkɪŋ ɔːl deɪ/,я работал(а) весь день
She has just left,/ʃiː hæz dʒʌst left/,она только что ушла
They had already gone,/ðeɪ hæd ɔːlˈredi ɡɒn/,они уже ушли
I will have finished by then,/aɪ wɪl hæv ˈfɪnɪʃt baɪ ðen/,я закончу к тому времени
I would have come if I'd known,/aɪ wʊd hæv kʌm ɪf aɪd nəʊn/,я бы пришёл, если бы знал
I've never tried it,/aɪv ˈnevə traɪd ɪt/,я никогда это не пробовал(а)
It has been raining since morning,/ɪt hæz biːn ˈreɪnɪŋ sɪns ˈmɔːnɪŋ/,дождь идёт с утра
I'm getting used to it,/aɪm ˈɡetɪŋ juːst tuː ɪt/,я привыкаю к этому
She might have forgotten,/ʃiː maɪt hæv fəˈɡɒtən/,возможно, она забыла
I wish I had known,/aɪ wɪʃ aɪ hæd nəʊn/,жаль, что я не знал(а)
He said he would come,/hiː sed hiː wʊd kʌm/,он сказал, что придёт
I've been meaning to call you,/aɪv biːn ˈmiːnɪŋ tuː kɔːl juː/,я давно собирался тебе позвонить
They must have left,/ðeɪ mʌst hæv left/,они, должно быть, ушли
We are supposed to meet,/wiː ɑː səˈpəʊzd tuː miːt/,мы должны встретиться
By next year I'll have moved,/baɪ nekst jɪər aɪl hæv muːvd/,к следующему году я перееду
I had been waiting for an hour,/aɪ hæd biːn ˈweɪtɪŋ fɔːr ən ˈaʊə/,я прождал(а) час
She's always losing her keys,/ʃiːz ˈɔːlweɪz ˈluːzɪŋ hɜː kiːz/,она вечно теряет ключи
I didn't expect that,/aɪ ˈdɪdənt ɪkˈspekt ðæt/,я этого не ожидал(а)
We've known each other for years,/wiːv nəʊn iːtʃ ˈʌðə fɔː jɪəz/,мы знаем друг друга много лет
It was going to rain,/ɪt wɒz ˈɡəʊɪŋ tuː reɪn/,собирался дождь
